query_name,optimization_time_(ms),est_cost,true_cost,plan,physical_plan
0_10_1.enum_plan.txt,0.042,NA,1283415635655.0,NA,NA
0_10_10.enum_plan.txt,0.039,NA,2057754570419.0,NA,NA
0_10_2.enum_plan.txt,0.064,NA,1410956231576.0,NA,NA
0_10_3.enum_plan.txt,0.04,NA,1823650669195.0,NA,NA
0_10_4.enum_plan.txt,0.04,NA,1288841462210.0,NA,NA
0_10_5.enum_plan.txt,0.044,NA,1002674673757.0,NA,NA
0_10_6.enum_plan.txt,0.044,NA,1504200701566.0,NA,NA
0_10_7.enum_plan.txt,0.04,NA,2270798937212.0,NA,NA
0_10_8.enum_plan.txt,0.047,NA,1769894968156.0,NA,NA
0_10_9.enum_plan.txt,0.039,NA,1471505209814.0,NA,NA
0_11_1.enum_plan.txt,0.047,NA,457391688108.0,NA,NA
0_11_10.enum_plan.txt,0.055,NA,1301133214882.0,NA,NA
0_11_2.enum_plan.txt,0.052,NA,1770491128194.0,NA,NA
0_11_3.enum_plan.txt,0.051,NA,1560202793378.0,NA,NA
0_11_4.enum_plan.txt,0.051,NA,513985603422.0,NA,NA
0_11_5.enum_plan.txt,0.082,NA,1612569119569.0,NA,NA
0_11_6.enum_plan.txt,0.051,NA,1359969364212.0,NA,NA
0_11_7.enum_plan.txt,0.048,NA,2064648445457.0,NA,NA
0_11_8.enum_plan.txt,0.048,NA,1684815492144.0,NA,NA
0_11_9.enum_plan.txt,0.047,NA,1754490309843.0,NA,NA
0_12_1.enum_plan.txt,0.089,NA,2159036855480.0,NA,NA
0_12_10.enum_plan.txt,0.071,NA,2106508923055.0,NA,NA
0_12_2.enum_plan.txt,0.06,NA,2029310992988.0,NA,NA
0_12_3.enum_plan.txt,0.06,NA,1532260184436.0,NA,NA
0_12_4.enum_plan.txt,0.064,NA,1436225818670.0,NA,NA
0_12_5.enum_plan.txt,0.06,NA,1750935923856.0,NA,NA
0_12_6.enum_plan.txt,0.061,NA,1396203634672.0,NA,NA
0_12_7.enum_plan.txt,0.061,NA,1686577871756.0,NA,NA
0_12_8.enum_plan.txt,0.065,NA,1054494422297.0,NA,NA
0_12_9.enum_plan.txt,0.06,NA,1396251558973.0,NA,NA
0_13_1.enum_plan.txt,0.075,NA,1774970734922.0,NA,NA
0_13_10.enum_plan.txt,0.075,NA,2091896107810.0,NA,NA
0_13_2.enum_plan.txt,0.075,NA,2077661822121.0,NA,NA
0_13_3.enum_plan.txt,0.074,NA,2002549962472.0,NA,NA
0_13_4.enum_plan.txt,0.075,NA,2001617300191.0,NA,NA
0_13_5.enum_plan.txt,0.114,NA,1352997541524.0,NA,NA
0_13_6.enum_plan.txt,0.097,NA,2427377723013.0,NA,NA
0_13_7.enum_plan.txt,0.076,NA,1292426712941.0,NA,NA
0_13_8.enum_plan.txt,0.087,NA,1272944985170.0,NA,NA
0_13_9.enum_plan.txt,0.103,NA,1600781240224.0,NA,NA
0_14_1.enum_plan.txt,0.095,NA,1450327423971.0,NA,NA
0_14_10.enum_plan.txt,0.095,NA,1815061958099.0,NA,NA
0_14_2.enum_plan.txt,0.091,NA,1621886809009.0,NA,NA
0_14_3.enum_plan.txt,0.09,NA,1382151414807.0,NA,NA
0_14_4.enum_plan.txt,0.091,NA,2066849337892.0,NA,NA
0_14_5.enum_plan.txt,0.091,NA,1594002464770.0,NA,NA
0_14_6.enum_plan.txt,0.099,NA,1982851157605.0,NA,NA
0_14_7.enum_plan.txt,0.092,NA,1542508922107.0,NA,NA
0_14_8.enum_plan.txt,0.091,NA,1934961565525.0,NA,NA
0_14_9.enum_plan.txt,0.092,NA,1396160085488.0,NA,NA
0_15_1.enum_plan.txt,0.112,NA,2115987636344.0,NA,NA
0_15_10.enum_plan.txt,0.109,NA,2007521755290.0,NA,NA
0_15_2.enum_plan.txt,0.107,NA,2032929434026.0,NA,NA
0_15_3.enum_plan.txt,0.12,NA,1427784655165.0,NA,NA
0_15_4.enum_plan.txt,0.111,NA,1779990272836.0,NA,NA
0_15_5.enum_plan.txt,0.114,NA,1950952550254.0,NA,NA
0_15_6.enum_plan.txt,0.122,NA,1857280235584.0,NA,NA
0_15_7.enum_plan.txt,0.112,NA,1885765569027.0,NA,NA
0_15_8.enum_plan.txt,0.12,NA,1859490612989.0,NA,NA
0_15_9.enum_plan.txt,0.132,NA,1981122944973.0,NA,NA
0_16_1.enum_plan.txt,0.3,NA,2577351014476.0,NA,NA
0_16_10.enum_plan.txt,0.252,NA,1915163939724.0,NA,NA
0_16_2.enum_plan.txt,0.252,NA,2048911533136.0,NA,NA
0_16_3.enum_plan.txt,0.254,NA,1780920749107.0,NA,NA
0_16_4.enum_plan.txt,0.249,NA,2365650649248.0,NA,NA
0_16_5.enum_plan.txt,0.25,NA,2166113447917.0,NA,NA
0_16_6.enum_plan.txt,0.249,NA,2210651650675.0,NA,NA
0_16_7.enum_plan.txt,0.252,NA,1403654647842.0,NA,NA
0_16_8.enum_plan.txt,0.254,NA,1757794068404.0,NA,NA
0_16_9.enum_plan.txt,0.25,NA,2343757216507.0,NA,NA
0_17_1.enum_plan.txt,0.3,NA,2017347686725.0,NA,NA
0_17_10.enum_plan.txt,0.307,NA,2730787225955.0,NA,NA
0_17_2.enum_plan.txt,0.302,NA,1983959175945.0,NA,NA
0_17_3.enum_plan.txt,0.299,NA,2045020160062.0,NA,NA
0_17_4.enum_plan.txt,0.403,NA,2187817262845.0,NA,NA
0_17_5.enum_plan.txt,0.304,NA,1679564628007.0,NA,NA
0_17_6.enum_plan.txt,0.3,NA,2835680690357.0,NA,NA
0_17_7.enum_plan.txt,0.299,NA,1898015173669.0,NA,NA
0_17_8.enum_plan.txt,0.331,NA,1697597625877.0,NA,NA
0_17_9.enum_plan.txt,0.301,NA,2219048395388.0,NA,NA
0_18_1.enum_plan.txt,0.392,NA,2465279946123.0,NA,NA
0_18_10.enum_plan.txt,0.354,NA,2278501563284.0,NA,NA
0_18_2.enum_plan.txt,0.354,NA,1398786574179.0,NA,NA
0_18_3.enum_plan.txt,0.355,NA,1719259908119.0,NA,NA
0_18_4.enum_plan.txt,0.353,NA,2659715889764.0,NA,NA
0_18_5.enum_plan.txt,0.356,NA,2545802924240.0,NA,NA
0_18_6.enum_plan.txt,0.353,NA,1922838736181.0,NA,NA
0_18_7.enum_plan.txt,0.353,NA,2059851815166.0,NA,NA
0_18_8.enum_plan.txt,0.376,NA,1697169061170.0,NA,NA
0_18_9.enum_plan.txt,0.359,NA,2676114560896.0,NA,NA
0_19_1.enum_plan.txt,0.409,NA,2381768113499.0,NA,NA
0_19_10.enum_plan.txt,0.409,NA,2071617114190.0,NA,NA
0_19_2.enum_plan.txt,0.483,NA,3161528413461.0,NA,NA
0_19_3.enum_plan.txt,0.412,NA,2250224048684.0,NA,NA
0_19_4.enum_plan.txt,0.453,NA,2822204486075.0,NA,NA
0_19_5.enum_plan.txt,0.422,NA,2796533232539.0,NA,NA
0_19_6.enum_plan.txt,0.41,NA,2548033413308.0,NA,NA
0_19_7.enum_plan.txt,0.408,NA,1893024283126.0,NA,NA
0_19_8.enum_plan.txt,0.414,NA,1651123223526.0,NA,NA
0_19_9.enum_plan.txt,0.418,NA,2570171086135.0,NA,NA
0_20_1.enum_plan.txt,0.471,NA,2083332453926.0,NA,NA
0_20_10.enum_plan.txt,0.468,NA,2345558457278.0,NA,NA
0_20_2.enum_plan.txt,0.469,NA,2227912488083.0,NA,NA
0_20_3.enum_plan.txt,0.467,NA,2842052327961.0,NA,NA
0_20_4.enum_plan.txt,0.472,NA,2169968135030.0,NA,NA
0_20_5.enum_plan.txt,0.465,NA,2899889561794.0,NA,NA
0_20_6.enum_plan.txt,0.47,NA,3087439433577.0,NA,NA
0_20_7.enum_plan.txt,0.465,NA,2088987205974.0,NA,NA
0_20_8.enum_plan.txt,0.475,NA,2941921137339.0,NA,NA
0_20_9.enum_plan.txt,0.466,NA,2203882257568.0,NA,NA
0_21_1.enum_plan.txt,0.548,NA,1986259624492.0,NA,NA
0_21_10.enum_plan.txt,0.543,NA,2267674963136.0,NA,NA
0_21_2.enum_plan.txt,0.543,NA,2732486194001.0,NA,NA
0_21_3.enum_plan.txt,0.583,NA,2280909291055.0,NA,NA
0_21_4.enum_plan.txt,0.588,NA,1578181580122.0,NA,NA
0_21_5.enum_plan.txt,0.542,NA,2655473583190.0,NA,NA
0_21_6.enum_plan.txt,0.603,NA,2269207379013.0,NA,NA
0_21_7.enum_plan.txt,0.541,NA,2623213799565.0,NA,NA
0_21_8.enum_plan.txt,0.548,NA,2707611545458.0,NA,NA
0_21_9.enum_plan.txt,0.608,NA,1358713053610.0,NA,NA
0_22_1.enum_plan.txt,0.637,NA,2081206182749.0,NA,NA
0_22_10.enum_plan.txt,0.602,NA,2279854531875.0,NA,NA
0_22_2.enum_plan.txt,0.702,NA,3294557451126.0,NA,NA
0_22_3.enum_plan.txt,0.622,NA,2715469633574.0,NA,NA
0_22_4.enum_plan.txt,0.622,NA,1913733184794.0,NA,NA
0_22_5.enum_plan.txt,0.669,NA,3092998978514.0,NA,NA
0_22_6.enum_plan.txt,0.635,NA,2437074915124.0,NA,NA
0_22_7.enum_plan.txt,0.622,NA,1976807615654.0,NA,NA
0_22_8.enum_plan.txt,0.625,NA,3078288771448.0,NA,NA
0_22_9.enum_plan.txt,0.662,NA,3175928123680.0,NA,NA
0_23_1.enum_plan.txt,0.693,NA,2688494478441.0,NA,NA
0_23_10.enum_plan.txt,0.615,NA,2400554582203.0,NA,NA
0_23_2.enum_plan.txt,0.611,NA,2700459505171.0,NA,NA
0_23_3.enum_plan.txt,0.657,NA,1952615437234.0,NA,NA
0_23_4.enum_plan.txt,0.612,NA,2657106299909.0,NA,NA
0_23_5.enum_plan.txt,0.612,NA,2806989465698.0,NA,NA
0_23_6.enum_plan.txt,0.734,NA,2972288266968.0,NA,NA
0_23_7.enum_plan.txt,0.615,NA,3056849202786.0,NA,NA
0_23_8.enum_plan.txt,0.612,NA,3008146642391.0,NA,NA
0_23_9.enum_plan.txt,0.748,NA,2916665053158.0,NA,NA
0_24_1.enum_plan.txt,0.68,NA,2053724774863.0,NA,NA
0_24_10.enum_plan.txt,0.752,NA,2364492087562.0,NA,NA
0_24_2.enum_plan.txt,0.68,NA,2618098787320.0,NA,NA
0_24_3.enum_plan.txt,0.678,NA,2157821652836.0,NA,NA
0_24_4.enum_plan.txt,0.68,NA,2837084169252.0,NA,NA
0_24_5.enum_plan.txt,0.637,NA,2462735723923.0,NA,NA
0_24_6.enum_plan.txt,0.852,NA,3050481222576.0,NA,NA
0_24_7.enum_plan.txt,0.754,NA,2872207723962.0,NA,NA
0_24_8.enum_plan.txt,0.758,NA,2932719973955.0,NA,NA
0_24_9.enum_plan.txt,0.753,NA,2801625739225.0,NA,NA
0_25_1.enum_plan.txt,0.856,NA,3241523550797.0,NA,NA
0_25_10.enum_plan.txt,0.88,NA,2328146294280.0,NA,NA
0_25_2.enum_plan.txt,0.865,NA,2988248033963.0,NA,NA
0_25_3.enum_plan.txt,0.9,NA,2576870917264.0,NA,NA
0_25_4.enum_plan.txt,0.878,NA,3563121285888.0,NA,NA
0_25_5.enum_plan.txt,0.907,NA,2041091611387.0,NA,NA
0_25_6.enum_plan.txt,0.908,NA,2911861849668.0,NA,NA
0_25_7.enum_plan.txt,0.899,NA,2174992998772.0,NA,NA
0_25_8.enum_plan.txt,0.887,NA,3356463561025.0,NA,NA
0_25_9.enum_plan.txt,0.885,NA,2589518167499.0,NA,NA
0_26_1.enum_plan.txt,0.963,NA,2746227723230.0,NA,NA
0_26_10.enum_plan.txt,0.969,NA,3844035037862.0,NA,NA
0_26_2.enum_plan.txt,1.016,NA,2823306611338.0,NA,NA
0_26_3.enum_plan.txt,0.996,NA,3396615542234.0,NA,NA
0_26_4.enum_plan.txt,1.092,NA,3022853412593.0,NA,NA
0_26_5.enum_plan.txt,1.043,NA,3270363433794.0,NA,NA
0_26_6.enum_plan.txt,0.993,NA,2825900842792.0,NA,NA
0_26_7.enum_plan.txt,0.964,NA,3094613925072.0,NA,NA
0_26_8.enum_plan.txt,0.962,NA,3337658874900.0,NA,NA
0_26_9.enum_plan.txt,0.966,NA,3276234202735.0,NA,NA
0_27_1.enum_plan.txt,1.076,NA,3058970590423.0,NA,NA
0_27_10.enum_plan.txt,1.079,NA,3183256168204.0,NA,NA
0_27_2.enum_plan.txt,1.164,NA,3006717306582.0,NA,NA
0_27_3.enum_plan.txt,1.101,NA,3195805469925.0,NA,NA
0_27_4.enum_plan.txt,1.078,NA,3442670196309.0,NA,NA
0_27_5.enum_plan.txt,1.076,NA,3090647376935.0,NA,NA
0_27_6.enum_plan.txt,1.078,NA,2757220707240.0,NA,NA
0_27_7.enum_plan.txt,1.176,NA,3245564222589.0,NA,NA
0_27_8.enum_plan.txt,1.105,NA,2325989163571.0,NA,NA
0_27_9.enum_plan.txt,1.077,NA,2548185011368.0,NA,NA
0_28_1.enum_plan.txt,1.222,NA,2766704895184.0,NA,NA
0_28_10.enum_plan.txt,1.183,NA,2686790751175.0,NA,NA
0_28_2.enum_plan.txt,1.272,NA,2874135076381.0,NA,NA
0_28_3.enum_plan.txt,1.229,NA,3683723190861.0,NA,NA
0_28_4.enum_plan.txt,1.237,NA,3108758828746.0,NA,NA
0_28_5.enum_plan.txt,1.184,NA,3600527587211.0,NA,NA
0_28_6.enum_plan.txt,1.326,NA,2680888071545.0,NA,NA
0_28_7.enum_plan.txt,1.186,NA,3140076655051.0,NA,NA
0_28_8.enum_plan.txt,1.277,NA,3648948749699.0,NA,NA
0_28_9.enum_plan.txt,1.198,NA,3377779901645.0,NA,NA
1_10_1.enum_plan.txt,0.096,NA,1471681403669.0,NA,NA
1_10_10.enum_plan.txt,0.074,NA,2037617923048.0,NA,NA
1_10_2.enum_plan.txt,0.099,NA,783891246629.0,NA,NA
1_10_3.enum_plan.txt,0.07,NA,1387460623249.0,NA,NA
1_10_4.enum_plan.txt,0.07,NA,1418128310575.0,NA,NA
1_10_5.enum_plan.txt,0.12,NA,938842562233.0,NA,NA
1_10_6.enum_plan.txt,0.103,NA,1162108210292.0,NA,NA
1_10_7.enum_plan.txt,0.07,NA,1681038478103.0,NA,NA
1_10_8.enum_plan.txt,0.075,NA,1400432490092.0,NA,NA
1_10_9.enum_plan.txt,0.091,NA,573237035544.0,NA,NA
1_11_1.enum_plan.txt,0.092,NA,1059379719295.0,NA,NA
1_11_10.enum_plan.txt,0.092,NA,1308071238763.0,NA,NA
1_11_2.enum_plan.txt,0.091,NA,1473555480724.0,NA,NA
1_11_3.enum_plan.txt,0.096,NA,1371642157811.0,NA,NA
1_11_4.enum_plan.txt,0.091,NA,1019216560684.0,NA,NA
1_11_5.enum_plan.txt,0.093,NA,931120108899.0,NA,NA
1_11_6.enum_plan.txt,0.092,NA,1397810051430.0,NA,NA
1_11_7.enum_plan.txt,0.092,NA,1544649303355.0,NA,NA
1_11_8.enum_plan.txt,0.096,NA,1143158958503.0,NA,NA
1_11_9.enum_plan.txt,0.096,NA,1251964684661.0,NA,NA
1_12_1.enum_plan.txt,0.12,NA,2128754653748.0,NA,NA
1_12_10.enum_plan.txt,0.121,NA,1039466158509.0,NA,NA
1_12_2.enum_plan.txt,0.126,NA,1525405309195.0,NA,NA
1_12_3.enum_plan.txt,0.12,NA,1322792206260.0,NA,NA
1_12_4.enum_plan.txt,0.12,NA,1531196770979.0,NA,NA
1_12_5.enum_plan.txt,0.12,NA,1859621357909.0,NA,NA
1_12_6.enum_plan.txt,0.123,NA,1303929369225.0,NA,NA
1_12_7.enum_plan.txt,0.124,NA,1403394080460.0,NA,NA
1_12_8.enum_plan.txt,0.12,NA,621224258298.0,NA,NA
1_12_9.enum_plan.txt,0.131,NA,1476821060643.0,NA,NA
1_13_1.enum_plan.txt,0.191,NA,909582705503.0,NA,NA
1_13_10.enum_plan.txt,0.157,NA,2266932149813.0,NA,NA
1_13_2.enum_plan.txt,0.151,NA,1661285872784.0,NA,NA
1_13_3.enum_plan.txt,0.165,NA,1741513023994.0,NA,NA
1_13_4.enum_plan.txt,0.157,NA,2183111168006.0,NA,NA
1_13_5.enum_plan.txt,0.153,NA,791542356141.0,NA,NA
1_13_6.enum_plan.txt,0.153,NA,2439778946641.0,NA,NA
1_13_7.enum_plan.txt,0.156,NA,1280830133548.0,NA,NA
1_13_8.enum_plan.txt,0.159,NA,638378466332.0,NA,NA
1_13_9.enum_plan.txt,0.188,NA,1846174233233.0,NA,NA
1_14_1.enum_plan.txt,0.19,NA,853973560411.0,NA,NA
1_14_10.enum_plan.txt,0.199,NA,1915782303682.0,NA,NA
1_14_2.enum_plan.txt,0.195,NA,2024882934355.0,NA,NA
1_14_3.enum_plan.txt,0.232,NA,1341043659376.0,NA,NA
1_14_4.enum_plan.txt,0.196,NA,1605037652168.0,NA,NA
1_14_5.enum_plan.txt,0.245,NA,1139011797593.0,NA,NA
1_14_6.enum_plan.txt,0.217,NA,1148156679933.0,NA,NA
1_14_7.enum_plan.txt,0.195,NA,1743342016196.0,NA,NA
1_14_8.enum_plan.txt,0.217,NA,1037826751353.0,NA,NA
1_14_9.enum_plan.txt,0.2,NA,1775703350285.0,NA,NA
1_15_1.enum_plan.txt,0.268,NA,1822944270610.0,NA,NA
1_15_10.enum_plan.txt,0.229,NA,2114279800306.0,NA,NA
1_15_2.enum_plan.txt,0.237,NA,2325194629110.0,NA,NA
1_15_3.enum_plan.txt,0.238,NA,1474250305866.0,NA,NA
1_15_4.enum_plan.txt,0.237,NA,1862958848097.0,NA,NA
1_15_5.enum_plan.txt,0.237,NA,1613713541142.0,NA,NA
1_15_6.enum_plan.txt,0.243,NA,1761868703688.0,NA,NA
1_15_7.enum_plan.txt,0.271,NA,1703099838934.0,NA,NA
1_15_8.enum_plan.txt,0.237,NA,1190193287961.0,NA,NA
1_15_9.enum_plan.txt,0.229,NA,1986883576823.0,NA,NA
1_16_1.enum_plan.txt,0.595,NA,1616699455113.0,NA,NA
1_16_10.enum_plan.txt,0.762,NA,1121523444865.0,NA,NA
1_16_2.enum_plan.txt,0.6,NA,2038548045010.0,NA,NA
1_16_3.enum_plan.txt,0.6,NA,1439146237138.0,NA,NA
1_16_4.enum_plan.txt,0.62,NA,1391157404831.0,NA,NA
1_16_5.enum_plan.txt,0.619,NA,1492100738748.0,NA,NA
1_16_6.enum_plan.txt,0.62,NA,1995347720640.0,NA,NA
1_16_7.enum_plan.txt,0.596,NA,1953452494025.0,NA,NA
1_16_8.enum_plan.txt,0.837,NA,1175862737331.0,NA,NA
1_16_9.enum_plan.txt,0.842,NA,1810894415655.0,NA,NA
1_17_1.enum_plan.txt,1.043,NA,1771500489170.0,NA,NA
1_17_10.enum_plan.txt,0.941,NA,2157532201116.0,NA,NA
1_17_2.enum_plan.txt,1.044,NA,1202485265404.0,NA,NA
1_17_3.enum_plan.txt,0.78,NA,1218084055493.0,NA,NA
1_17_4.enum_plan.txt,0.767,NA,1134251038331.0,NA,NA
1_17_5.enum_plan.txt,0.772,NA,1551680811689.0,NA,NA
1_17_6.enum_plan.txt,0.771,NA,1161631850594.0,NA,NA
1_17_7.enum_plan.txt,0.829,NA,2020165142463.0,NA,NA
1_17_8.enum_plan.txt,0.778,NA,1907000154269.0,NA,NA
1_17_9.enum_plan.txt,0.776,NA,1417247217333.0,NA,NA
1_18_1.enum_plan.txt,0.908,NA,1673212985189.0,NA,NA
1_18_10.enum_plan.txt,1.026,NA,2325951590326.0,NA,NA
1_18_2.enum_plan.txt,0.983,NA,1783710758810.0,NA,NA
1_18_3.enum_plan.txt,0.978,NA,1509949076486.0,NA,NA
1_18_4.enum_plan.txt,0.951,NA,2258625583109.0,NA,NA
1_18_5.enum_plan.txt,0.949,NA,1777221872251.0,NA,NA
1_18_6.enum_plan.txt,0.976,NA,1326191680594.0,NA,NA
1_18_7.enum_plan.txt,0.999,NA,2054889591650.0,NA,NA
1_18_8.enum_plan.txt,0.992,NA,1363815496655.0,NA,NA
1_18_9.enum_plan.txt,1.045,NA,1864043729089.0,NA,NA
1_19_1.enum_plan.txt,1.143,NA,2352368109499.0,NA,NA
1_19_10.enum_plan.txt,1.101,NA,2381196572457.0,NA,NA
1_19_2.enum_plan.txt,1.104,NA,2176247139880.0,NA,NA
1_19_3.enum_plan.txt,1.111,NA,1628498713791.0,NA,NA
1_19_4.enum_plan.txt,1.106,NA,2538326327557.0,NA,NA
1_19_5.enum_plan.txt,1.125,NA,2422347197141.0,NA,NA
1_19_6.enum_plan.txt,1.213,NA,2247795045055.0,NA,NA
1_19_7.enum_plan.txt,1.164,NA,1610321967383.0,NA,NA
1_19_8.enum_plan.txt,1.176,NA,1720808818124.0,NA,NA
1_19_9.enum_plan.txt,1.1,NA,1855044398906.0,NA,NA
1_20_1.enum_plan.txt,1.326,NA,1894761546545.0,NA,NA
1_20_10.enum_plan.txt,1.32,NA,2385589219540.0,NA,NA
1_20_2.enum_plan.txt,1.404,NA,2049975083505.0,NA,NA
1_20_3.enum_plan.txt,1.362,NA,2549065810791.0,NA,NA
1_20_4.enum_plan.txt,1.325,NA,2306753976476.0,NA,NA
1_20_5.enum_plan.txt,1.369,NA,1879763412809.0,NA,NA
1_20_6.enum_plan.txt,1.387,NA,2558439682337.0,NA,NA
1_20_7.enum_plan.txt,1.317,NA,2700381763984.0,NA,NA
1_20_8.enum_plan.txt,1.381,NA,1811221702240.0,NA,NA
1_20_9.enum_plan.txt,1.332,NA,2001170226537.0,NA,NA
1_21_1.enum_plan.txt,1.641,NA,2852248787519.0,NA,NA
1_21_10.enum_plan.txt,1.472,NA,1802339590702.0,NA,NA
1_21_2.enum_plan.txt,1.532,NA,2614010567942.0,NA,NA
1_21_3.enum_plan.txt,1.598,NA,2074827826681.0,NA,NA
1_21_4.enum_plan.txt,1.544,NA,1682801757738.0,NA,NA
1_21_5.enum_plan.txt,1.569,NA,2059114469239.0,NA,NA
1_21_6.enum_plan.txt,1.53,NA,2336105814482.0,NA,NA
1_21_7.enum_plan.txt,1.471,NA,2590308675324.0,NA,NA
1_21_8.enum_plan.txt,1.475,NA,1701466523468.0,NA,NA
1_21_9.enum_plan.txt,1.631,NA,2187384391801.0,NA,NA
1_22_1.enum_plan.txt,1.789,NA,1648396675597.0,NA,NA
1_22_10.enum_plan.txt,1.742,NA,2441498923623.0,NA,NA
1_22_2.enum_plan.txt,1.691,NA,2987913130922.0,NA,NA
1_22_3.enum_plan.txt,1.685,NA,2297939308915.0,NA,NA
1_22_4.enum_plan.txt,1.738,NA,2473950444822.0,NA,NA
1_22_5.enum_plan.txt,1.726,NA,2643368398830.0,NA,NA
1_22_6.enum_plan.txt,1.78,NA,2799840622137.0,NA,NA
1_22_7.enum_plan.txt,1.77,NA,1987160515701.0,NA,NA
1_22_8.enum_plan.txt,1.688,NA,2812560519569.0,NA,NA
1_22_9.enum_plan.txt,1.806,NA,1764525677266.0,NA,NA
1_23_1.enum_plan.txt,2.018,NA,2945209118936.0,NA,NA
1_23_10.enum_plan.txt,3.305,NA,2998332415707.0,NA,NA
1_23_2.enum_plan.txt,2.076,NA,2664259525898.0,NA,NA
1_23_3.enum_plan.txt,2.006,NA,1426182075270.0,NA,NA
1_23_4.enum_plan.txt,2.001,NA,2266160331918.0,NA,NA
1_23_5.enum_plan.txt,1.949,NA,2925853726232.0,NA,NA
1_23_6.enum_plan.txt,1.924,NA,2580809537102.0,NA,NA
1_23_7.enum_plan.txt,1.968,NA,2054664057517.0,NA,NA
1_23_8.enum_plan.txt,2.031,NA,2816055761667.0,NA,NA
1_23_9.enum_plan.txt,1.961,NA,2838646071485.0,NA,NA
1_24_1.enum_plan.txt,2.291,NA,3061578052161.0,NA,NA
1_24_10.enum_plan.txt,2.366,NA,2048234614677.0,NA,NA
1_24_2.enum_plan.txt,2.189,NA,1979819180613.0,NA,NA
1_24_3.enum_plan.txt,2.205,NA,1827928094235.0,NA,NA
1_24_4.enum_plan.txt,2.179,NA,2136863998457.0,NA,NA
1_24_5.enum_plan.txt,2.172,NA,2948228319443.0,NA,NA
1_24_6.enum_plan.txt,2.201,NA,2160242271510.0,NA,NA
1_24_7.enum_plan.txt,2.179,NA,2307336889905.0,NA,NA
1_24_8.enum_plan.txt,2.199,NA,2288434890039.0,NA,NA
1_24_9.enum_plan.txt,2.177,NA,1976218326109.0,NA,NA
1_25_1.enum_plan.txt,2.479,NA,2762020693340.0,NA,NA
1_25_10.enum_plan.txt,2.558,NA,2612339908977.0,NA,NA
1_25_2.enum_plan.txt,2.462,NA,2868375436566.0,NA,NA
1_25_3.enum_plan.txt,2.46,NA,2270034654932.0,NA,NA
1_25_4.enum_plan.txt,2.483,NA,2235693855726.0,NA,NA
1_25_5.enum_plan.txt,2.609,NA,2212115780992.0,NA,NA
1_25_6.enum_plan.txt,2.581,NA,2933609555517.0,NA,NA
1_25_7.enum_plan.txt,2.571,NA,2078462443043.0,NA,NA
1_25_8.enum_plan.txt,2.475,NA,2636272322628.0,NA,NA
1_25_9.enum_plan.txt,2.529,NA,2582970027753.0,NA,NA
1_26_1.enum_plan.txt,2.799,NA,1780449741376.0,NA,NA
1_26_10.enum_plan.txt,2.891,NA,2436024362926.0,NA,NA
1_26_2.enum_plan.txt,2.842,NA,2675473587379.0,NA,NA
1_26_3.enum_plan.txt,2.9,NA,2290196508907.0,NA,NA
1_26_4.enum_plan.txt,2.884,NA,2319640398397.0,NA,NA
1_26_5.enum_plan.txt,2.794,NA,2836852398910.0,NA,NA
1_26_6.enum_plan.txt,2.909,NA,2639846972815.0,NA,NA
1_26_7.enum_plan.txt,2.904,NA,3226856611223.0,NA,NA
1_26_8.enum_plan.txt,2.794,NA,2685065525511.0,NA,NA
1_26_9.enum_plan.txt,2.993,NA,2946612789640.0,NA,NA
1_27_1.enum_plan.txt,3.296,NA,2564765177571.0,NA,NA
1_27_10.enum_plan.txt,3.279,NA,2935096301780.0,NA,NA
1_27_2.enum_plan.txt,3.312,NA,2712115414809.0,NA,NA
1_27_3.enum_plan.txt,3.322,NA,3112797747878.0,NA,NA
1_27_4.enum_plan.txt,3.321,NA,2388147330807.0,NA,NA
1_27_5.enum_plan.txt,3.293,NA,2889558860169.0,NA,NA
1_27_6.enum_plan.txt,3.254,NA,2688646949283.0,NA,NA
1_27_7.enum_plan.txt,3.225,NA,2432783494561.0,NA,NA
1_27_8.enum_plan.txt,3.237,NA,2066214020775.0,NA,NA
1_27_9.enum_plan.txt,3.243,NA,2698655522994.0,NA,NA
1_28_1.enum_plan.txt,3.767,NA,2438411393973.0,NA,NA
1_28_10.enum_plan.txt,3.605,NA,3134332887875.0,NA,NA
1_28_2.enum_plan.txt,3.671,NA,3358531474313.0,NA,NA
1_28_3.enum_plan.txt,3.767,NA,2641011468139.0,NA,NA
1_28_4.enum_plan.txt,3.634,NA,3223749713869.0,NA,NA
1_28_5.enum_plan.txt,3.722,NA,2949410178153.0,NA,NA
1_28_6.enum_plan.txt,3.66,NA,2542709671330.0,NA,NA
1_28_7.enum_plan.txt,3.65,NA,2495579945825.0,NA,NA
1_28_8.enum_plan.txt,3.549,NA,2706852088869.0,NA,NA
1_28_9.enum_plan.txt,3.651,NA,3071805878715.0,NA,NA
2_10_1.enum_plan.txt,0.489,NA,1063602377428.0,NA,NA
2_10_10.enum_plan.txt,0.36,NA,1473388694118.0,NA,NA
2_10_2.enum_plan.txt,0.483,NA,1312736429794.0,NA,NA
2_10_3.enum_plan.txt,0.401,NA,1716503106525.0,NA,NA
2_10_4.enum_plan.txt,0.359,NA,635895290940.0,NA,NA
2_10_5.enum_plan.txt,0.436,NA,828690986147.0,NA,NA
2_10_6.enum_plan.txt,0.517,NA,985089248397.0,NA,NA
2_10_7.enum_plan.txt,0.417,NA,1414100102691.0,NA,NA
2_10_8.enum_plan.txt,0.452,NA,1337625680222.0,NA,NA
2_10_9.enum_plan.txt,0.5,NA,1282945755443.0,NA,NA
2_11_1.enum_plan.txt,0.812,NA,1212668481588.0,NA,NA
2_11_10.enum_plan.txt,0.808,NA,1825735708416.0,NA,NA
2_11_2.enum_plan.txt,0.84,NA,1789052039523.0,NA,NA
2_11_3.enum_plan.txt,1.123,NA,714981104391.0,NA,NA
2_11_4.enum_plan.txt,0.834,NA,1480189940142.0,NA,NA
2_11_5.enum_plan.txt,0.9,NA,1370120301452.0,NA,NA
2_11_6.enum_plan.txt,0.809,NA,1486755567417.0,NA,NA
2_11_7.enum_plan.txt,0.81,NA,837569757944.0,NA,NA
2_11_8.enum_plan.txt,0.8,NA,1334858864210.0,NA,NA
2_11_9.enum_plan.txt,0.83,NA,1121735982951.0,NA,NA
2_12_1.enum_plan.txt,1.836,NA,774039588467.0,NA,NA
2_12_10.enum_plan.txt,1.81,NA,1723769315425.0,NA,NA
2_12_2.enum_plan.txt,1.808,NA,883016124404.0,NA,NA
2_12_3.enum_plan.txt,1.794,NA,721230870810.0,NA,NA
2_12_4.enum_plan.txt,1.77,NA,1687965634493.0,NA,NA
2_12_5.enum_plan.txt,1.828,NA,1012108512251.0,NA,NA
2_12_6.enum_plan.txt,1.837,NA,1630160965039.0,NA,NA
2_12_7.enum_plan.txt,1.863,NA,1386695563192.0,NA,NA
2_12_8.enum_plan.txt,1.77,NA,1521594135305.0,NA,NA
2_12_9.enum_plan.txt,1.835,NA,1187371994594.0,NA,NA
2_13_1.enum_plan.txt,4.057,NA,1657530382898.0,NA,NA
2_13_10.enum_plan.txt,4.157,NA,1513891276848.0,NA,NA
2_13_2.enum_plan.txt,4.299,NA,1602145329700.0,NA,NA
2_13_3.enum_plan.txt,4.179,NA,1632976980350.0,NA,NA
2_13_4.enum_plan.txt,4.138,NA,1262069452134.0,NA,NA
2_13_5.enum_plan.txt,4.115,NA,1562448020483.0,NA,NA
2_13_6.enum_plan.txt,4.1,NA,1541866429824.0,NA,NA
2_13_7.enum_plan.txt,4.075,NA,1450285459129.0,NA,NA
2_13_8.enum_plan.txt,4.193,NA,1268679195232.0,NA,NA
2_13_9.enum_plan.txt,4.188,NA,1917006249348.0,NA,NA
2_14_1.enum_plan.txt,8.939,NA,756696363003.0,NA,NA
2_14_10.enum_plan.txt,8.582,NA,1560134271506.0,NA,NA
2_14_2.enum_plan.txt,8.722,NA,1499915256628.0,NA,NA
2_14_3.enum_plan.txt,8.623,NA,1028027711277.0,NA,NA
2_14_4.enum_plan.txt,8.661,NA,843801453451.0,NA,NA
2_14_5.enum_plan.txt,8.553,NA,903888142942.0,NA,NA
2_14_6.enum_plan.txt,8.664,NA,1409976012447.0,NA,NA
2_14_7.enum_plan.txt,8.512,NA,1670928341191.0,NA,NA
2_14_8.enum_plan.txt,8.67,NA,1682098666477.0,NA,NA
2_14_9.enum_plan.txt,8.58,NA,1806761488188.0,NA,NA
2_15_1.enum_plan.txt,17.914,NA,1404025626967.0,NA,NA
2_15_10.enum_plan.txt,18.914,NA,1916356462774.0,NA,NA
2_15_2.enum_plan.txt,18.201,NA,978609859820.0,NA,NA
2_15_3.enum_plan.txt,18.981,NA,1271976003704.0,NA,NA
2_15_4.enum_plan.txt,18.721,NA,1790449353998.0,NA,NA
2_15_5.enum_plan.txt,18.688,NA,1339569865670.0,NA,NA
2_15_6.enum_plan.txt,18.736,NA,928574333473.0,NA,NA
2_15_7.enum_plan.txt,19.203,NA,1176793558555.0,NA,NA
2_15_8.enum_plan.txt,18.953,NA,954056326694.0,NA,NA
2_15_9.enum_plan.txt,18.994,NA,1563811908836.0,NA,NA
2_16_1.enum_plan.txt,96.518,NA,1175513025413.0,NA,NA
2_16_10.enum_plan.txt,95.577,NA,970776444896.0,NA,NA
2_16_2.enum_plan.txt,97.191,NA,1366273001390.0,NA,NA
2_16_3.enum_plan.txt,94.851,NA,1755398296497.0,NA,NA
2_16_4.enum_plan.txt,93.535,NA,1629776170478.0,NA,NA
2_16_5.enum_plan.txt,94.665,NA,1618819467303.0,NA,NA
2_16_6.enum_plan.txt,95.918,NA,1576557043507.0,NA,NA
2_16_7.enum_plan.txt,94.425,NA,814717077069.0,NA,NA
2_16_8.enum_plan.txt,94.707,NA,1192594655832.0,NA,NA
2_16_9.enum_plan.txt,94.499,NA,907273406778.0,NA,NA
2_17_1.enum_plan.txt,212.542,NA,1428352340157.0,NA,NA
2_17_10.enum_plan.txt,214.469,NA,1376847286050.0,NA,NA
2_17_2.enum_plan.txt,204.509,NA,1789868308215.0,NA,NA
2_17_3.enum_plan.txt,203.995,NA,934967889083.0,NA,NA
2_17_4.enum_plan.txt,207.204,NA,1537373649649.0,NA,NA
2_17_5.enum_plan.txt,204.286,NA,887884968955.0,NA,NA
2_17_6.enum_plan.txt,214.002,NA,1472559588292.0,NA,NA
2_17_7.enum_plan.txt,211.002,NA,1311397306130.0,NA,NA
2_17_8.enum_plan.txt,215.107,NA,1651195650920.0,NA,NA
2_17_9.enum_plan.txt,213.817,NA,1573931832943.0,NA,NA
2_18_1.enum_plan.txt,455.636,NA,1395965302053.0,NA,NA
2_18_10.enum_plan.txt,454.452,NA,900994368703.0,NA,NA
2_18_2.enum_plan.txt,459.917,NA,1360849944525.0,NA,NA
2_18_3.enum_plan.txt,445.911,NA,1750872713421.0,NA,NA
2_18_4.enum_plan.txt,423.393,NA,980109441751.0,NA,NA
2_18_5.enum_plan.txt,437.266,NA,1233662866057.0,NA,NA
2_18_6.enum_plan.txt,439.983,NA,1332503566526.0,NA,NA
2_18_7.enum_plan.txt,437.15,NA,1059513071060.0,NA,NA
2_18_8.enum_plan.txt,459.112,NA,1113411057950.0,NA,NA
2_18_9.enum_plan.txt,452.185,NA,1789206478450.0,NA,NA
2_19_1.enum_plan.txt,981.98,NA,989954182629.0,NA,NA
2_19_10.enum_plan.txt,1007.7,NA,1402528995342.0,NA,NA
2_19_2.enum_plan.txt,973.952,NA,1380105921593.0,NA,NA
2_19_3.enum_plan.txt,936.405,NA,1628172588294.0,NA,NA
2_19_4.enum_plan.txt,992.981,NA,1188504525828.0,NA,NA
2_19_5.enum_plan.txt,972.932,NA,1289802374243.0,NA,NA
2_19_6.enum_plan.txt,967.996,NA,934076249410.0,NA,NA
2_19_7.enum_plan.txt,932.621,NA,1226415199728.0,NA,NA
2_19_8.enum_plan.txt,954.514,NA,964299204054.0,NA,NA
2_19_9.enum_plan.txt,936.231,NA,1467837887165.0,NA,NA
2_20_1.enum_plan.txt,2255.66,NA,1401096216424.0,NA,NA
2_20_10.enum_plan.txt,2232.47,NA,1261437705437.0,NA,NA
2_20_2.enum_plan.txt,2239.03,NA,1762697198240.0,NA,NA
2_20_3.enum_plan.txt,2150.21,NA,1344209738866.0,NA,NA
2_20_4.enum_plan.txt,2160.43,NA,1556962045647.0,NA,NA
2_20_5.enum_plan.txt,2156.22,NA,2024757565286.0,NA,NA
2_20_6.enum_plan.txt,2151.64,NA,942800097650.0,NA,NA
2_20_7.enum_plan.txt,2167.17,NA,1206119040052.0,NA,NA
2_20_8.enum_plan.txt,2162.75,NA,1744261293868.0,NA,NA
2_20_9.enum_plan.txt,2163.49,NA,1554952471797.0,NA,NA
3_10_1.enum_plan.txt,1.433,NA,292957228366.0,NA,NA
3_10_10.enum_plan.txt,1.522,NA,1220651479067.0,NA,NA
3_10_2.enum_plan.txt,1.493,NA,218244446414.0,NA,NA
3_10_3.enum_plan.txt,1.502,NA,1158817816511.0,NA,NA
3_10_4.enum_plan.txt,1.489,NA,950427514026.0,NA,NA
3_10_5.enum_plan.txt,1.523,NA,1065339819803.0,NA,NA
3_10_6.enum_plan.txt,1.407,NA,742025542545.0,NA,NA
3_10_7.enum_plan.txt,1.408,NA,960377076462.0,NA,NA
3_10_8.enum_plan.txt,1.496,NA,904426139937.0,NA,NA
3_10_9.enum_plan.txt,1.492,NA,1178412789299.0,NA,NA
3_11_1.enum_plan.txt,3.945,NA,973838419016.0,NA,NA
3_11_10.enum_plan.txt,3.928,NA,1109888901260.0,NA,NA
3_11_2.enum_plan.txt,3.902,NA,957608651732.0,NA,NA
3_11_3.enum_plan.txt,3.912,NA,1105867469150.0,NA,NA
3_11_4.enum_plan.txt,4.205,NA,563356086011.0,NA,NA
3_11_5.enum_plan.txt,5.221,NA,860298201070.0,NA,NA
3_11_6.enum_plan.txt,3.929,NA,910911710244.0,NA,NA
3_11_7.enum_plan.txt,3.95,NA,660955591807.0,NA,NA
3_11_8.enum_plan.txt,3.978,NA,1151216758802.0,NA,NA
3_11_9.enum_plan.txt,3.932,NA,1319514795247.0,NA,NA
3_12_1.enum_plan.txt,11.071,NA,702265516895.0,NA,NA
3_12_10.enum_plan.txt,11.33,NA,478508393806.0,NA,NA
3_12_2.enum_plan.txt,10.998,NA,501894006854.0,NA,NA
3_12_3.enum_plan.txt,11.019,NA,498654198357.0,NA,NA
3_12_4.enum_plan.txt,10.962,NA,328283260918.0,NA,NA
3_12_5.enum_plan.txt,11.06,NA,1143173071300.0,NA,NA
3_12_6.enum_plan.txt,11.171,NA,553108313775.0,NA,NA
3_12_7.enum_plan.txt,11.055,NA,1338788100102.0,NA,NA
3_12_8.enum_plan.txt,11.106,NA,923134897959.0,NA,NA
3_12_9.enum_plan.txt,11.119,NA,1028125831516.0,NA,NA
3_13_1.enum_plan.txt,31.474,NA,708127254164.0,NA,NA
3_13_10.enum_plan.txt,31.376,NA,907359997786.0,NA,NA
3_13_2.enum_plan.txt,30.847,NA,485258518688.0,NA,NA
3_13_3.enum_plan.txt,28.637,NA,413530588354.0,NA,NA
3_13_4.enum_plan.txt,27.012,NA,1167776983131.0,NA,NA
3_13_5.enum_plan.txt,27.708,NA,611423719198.0,NA,NA
3_13_6.enum_plan.txt,31.175,NA,525724327022.0,NA,NA
3_13_7.enum_plan.txt,30.847,NA,856383035346.0,NA,NA
3_13_8.enum_plan.txt,31.802,NA,309303932791.0,NA,NA
3_13_9.enum_plan.txt,31.362,NA,458219844552.0,NA,NA
3_14_1.enum_plan.txt,91.982,NA,228888892906.0,NA,NA
3_14_10.enum_plan.txt,89.745,NA,599024061720.0,NA,NA
3_14_2.enum_plan.txt,89.041,NA,1486856861496.0,NA,NA
3_14_3.enum_plan.txt,91.694,NA,891514162102.0,NA,NA
3_14_4.enum_plan.txt,92.655,NA,1098472295418.0,NA,NA
3_14_5.enum_plan.txt,91.113,NA,830975475628.0,NA,NA
3_14_6.enum_plan.txt,92.114,NA,893573848712.0,NA,NA
3_14_7.enum_plan.txt,90.568,NA,959779331439.0,NA,NA
3_14_8.enum_plan.txt,90.543,NA,598336632218.0,NA,NA
3_14_9.enum_plan.txt,91.122,NA,1258264527115.0,NA,NA
3_15_1.enum_plan.txt,275.099,NA,748145322616.0,NA,NA
3_15_10.enum_plan.txt,273.384,NA,458277487027.0,NA,NA
3_15_2.enum_plan.txt,270.518,NA,1277081427746.0,NA,NA
3_15_3.enum_plan.txt,264.723,NA,270625933836.0,NA,NA
3_15_4.enum_plan.txt,262.871,NA,269965788397.0,NA,NA
3_15_5.enum_plan.txt,261.07,NA,608622630815.0,NA,NA
3_15_6.enum_plan.txt,257.467,NA,565384114587.0,NA,NA
3_15_7.enum_plan.txt,261.534,NA,393706770147.0,NA,NA
3_15_8.enum_plan.txt,257.228,NA,799020802353.0,NA,NA
3_15_9.enum_plan.txt,270.557,NA,843513305946.0,NA,NA
3_16_1.enum_plan.txt,5802.65,NA,1044256675184.0,NA,NA
3_16_10.enum_plan.txt,5993.82,NA,524405065700.0,NA,NA
3_16_2.enum_plan.txt,5796.49,NA,1289486286947.0,NA,NA
3_16_3.enum_plan.txt,5911.87,NA,735444002057.0,NA,NA
3_16_4.enum_plan.txt,5870.14,NA,798309007978.0,NA,NA
3_16_5.enum_plan.txt,6056.85,NA,511951209536.0,NA,NA
3_16_6.enum_plan.txt,6003.8,NA,892625102697.0,NA,NA
3_16_7.enum_plan.txt,5997.22,NA,1047001055166.0,NA,NA
3_16_8.enum_plan.txt,5988.81,NA,1143991531801.0,NA,NA
3_16_9.enum_plan.txt,5953.13,NA,683269546633.0,NA,NA
